{
  "badge": {
    "color": "#fe7d37",
    "label": "coverage",
    "message": "63.7%"
  },
  "reports": [
    {
      "branch_rate": 48.536720044174494,
      "branches_covered": 1758,
      "branches_valid": 3622,
      "line_rate": 67.18824844323807,
      "lines_covered": 8416,
      "lines_valid": 12526,
      "name": "coverage-python"
    },
    {
      "branch_rate": 34.58252375502382,
      "branches_covered": 12993,
      "branches_valid": 37571,
      "line_rate": 61.93781816651942,
      "lines_covered": 14722,
      "lines_valid": 23769,
      "name": "coverage-cpp"
    }
  ],
  "total": {
    "branch_rate": 35.80948219357658,
    "branches_covered": 14751,
    "branches_valid": 41193,
    "line_rate": 63.74982779997245,
    "lines_covered": 23138,
    "lines_valid": 36295,
    "name": "total"
  }
}
