{
  "badge": {
    "color": "#fe7d37",
    "label": "coverage",
    "message": "56.9%"
  },
  "reports": [
    {
      "branch_rate": 46.051974012993504,
      "branches_covered": 1843,
      "branches_valid": 4002,
      "line_rate": 61.136924640627264,
      "lines_covered": 8421,
      "lines_valid": 13774,
      "name": "coverage-python"
    },
    {
      "branch_rate": 30.558885226251125,
      "branches_covered": 12237,
      "branches_valid": 40044,
      "line_rate": 54.617028010761196,
      "lines_covered": 13805,
      "lines_valid": 25276,
      "name": "coverage-cpp"
    }
  ],
  "total": {
    "branch_rate": 31.966580393225264,
    "branches_covered": 14080,
    "branches_valid": 44046,
    "line_rate": 56.91677336747759,
    "lines_covered": 22226,
    "lines_valid": 39050,
    "name": "total"
  }
}
