{
  "badge": {
    "color": "#fe7d37",
    "label": "coverage",
    "message": "57.1%"
  },
  "reports": [
    {
      "branch_rate": 46.107178968655205,
      "branches_covered": 1824,
      "branches_valid": 3956,
      "line_rate": 61.549707602339176,
      "lines_covered": 8420,
      "lines_valid": 13680,
      "name": "coverage-python"
    },
    {
      "branch_rate": 30.555555555555557,
      "branches_covered": 12232,
      "branches_valid": 40032,
      "line_rate": 54.61739336867928,
      "lines_covered": 13804,
      "lines_valid": 25274,
      "name": "coverage-cpp"
    }
  ],
  "total": {
    "branch_rate": 31.95416931890516,
    "branches_covered": 14056,
    "branches_valid": 43988,
    "line_rate": 57.05190737793294,
    "lines_covered": 22224,
    "lines_valid": 38954,
    "name": "total"
  }
}
