{
  "badge": {
    "color": "#fe7d37",
    "label": "coverage",
    "message": "55.3%"
  },
  "reports": [
    {
      "branch_rate": 45.82612456747405,
      "branches_covered": 2119,
      "branches_valid": 4624,
      "line_rate": 61.64400648621678,
      "lines_covered": 9884,
      "lines_valid": 16034,
      "name": "coverage-python"
    },
    {
      "branch_rate": 28.733264675592174,
      "branches_covered": 12276,
      "branches_valid": 42724,
      "line_rate": 51.58397222624041,
      "lines_covered": 14264,
      "lines_valid": 27652,
      "name": "coverage-cpp"
    }
  ],
  "total": {
    "branch_rate": 30.402551322125536,
    "branches_covered": 14395,
    "branches_valid": 47348,
    "line_rate": 55.276289886920296,
    "lines_covered": 24148,
    "lines_valid": 43686,
    "name": "total"
  }
}
