{
  "badge": {
    "color": "#fe7d37",
    "label": "coverage",
    "message": "56.8%"
  },
  "reports": [
    {
      "branch_rate": 45.61881188118812,
      "branches_covered": 1843,
      "branches_valid": 4040,
      "line_rate": 60.802825021620066,
      "lines_covered": 8437,
      "lines_valid": 13876,
      "name": "coverage-python"
    },
    {
      "branch_rate": 30.56235329371223,
      "branches_covered": 12239,
      "branches_valid": 40046,
      "line_rate": 54.62494065516695,
      "lines_covered": 13807,
      "lines_valid": 25276,
      "name": "coverage-cpp"
    }
  ],
  "total": {
    "branch_rate": 31.942113142494215,
    "branches_covered": 14082,
    "branches_valid": 44086,
    "line_rate": 56.814466693910916,
    "lines_covered": 22244,
    "lines_valid": 39152,
    "name": "total"
  }
}
