{
  "badge": {
    "color": "#fe7d37",
    "label": "coverage",
    "message": "55.4%"
  },
  "reports": [
    {
      "branch_rate": 45.977508650519034,
      "branches_covered": 2126,
      "branches_valid": 4624,
      "line_rate": 61.91842335038045,
      "lines_covered": 9928,
      "lines_valid": 16034,
      "name": "coverage-python"
    },
    {
      "branch_rate": 28.737945885216742,
      "branches_covered": 12278,
      "branches_valid": 42724,
      "line_rate": 51.58758860118618,
      "lines_covered": 14265,
      "lines_valid": 27652,
      "name": "coverage-cpp"
    }
  ],
  "total": {
    "branch_rate": 30.421559516769452,
    "branches_covered": 14404,
    "branches_valid": 47348,
    "line_rate": 55.379297715515264,
    "lines_covered": 24193,
    "lines_valid": 43686,
    "name": "total"
  }
}
