{
  "badge": {
    "color": "#fe7d37",
    "label": "coverage",
    "message": "57.9%"
  },
  "reports": [
    {
      "branch_rate": 46.387203530060674,
      "branches_covered": 1682,
      "branches_valid": 3626,
      "line_rate": 61.34460483292129,
      "lines_covered": 7692,
      "lines_valid": 12539,
      "name": "coverage-python"
    },
    {
      "branch_rate": 31.54059405940594,
      "branches_covered": 11946,
      "branches_valid": 37875,
      "line_rate": 56.03796361819923,
      "lines_covered": 13462,
      "lines_valid": 24023,
      "name": "coverage-cpp"
    }
  ],
  "total": {
    "branch_rate": 32.83776294547119,
    "branches_covered": 13628,
    "branches_valid": 41501,
    "line_rate": 57.85788523603742,
    "lines_covered": 21154,
    "lines_valid": 36562,
    "name": "total"
  }
}
