{
  "badge": {
    "color": "#fe7d37",
    "label": "coverage",
    "message": "57.1%"
  },
  "reports": [
    {
      "branch_rate": 46.38916750250752,
      "branches_covered": 1850,
      "branches_valid": 3988,
      "line_rate": 61.66848816029143,
      "lines_covered": 8464,
      "lines_valid": 13725,
      "name": "coverage-python"
    },
    {
      "branch_rate": 30.583857756467886,
      "branches_covered": 12247,
      "branches_valid": 40044,
      "line_rate": 54.6368096217756,
      "lines_covered": 13810,
      "lines_valid": 25276,
      "name": "coverage-cpp"
    }
  ],
  "total": {
    "branch_rate": 32.01535247093023,
    "branches_covered": 14097,
    "branches_valid": 44032,
    "line_rate": 57.111356119073875,
    "lines_covered": 22274,
    "lines_valid": 39001,
    "name": "total"
  }
}
