{
  "badge": {
    "color": "#fe7d37",
    "label": "coverage",
    "message": "55.4%"
  },
  "reports": [
    {
      "branch_rate": 46.02076124567474,
      "branches_covered": 2128,
      "branches_valid": 4624,
      "line_rate": 61.93713359111888,
      "lines_covered": 9931,
      "lines_valid": 16034,
      "name": "coverage-python"
    },
    {
      "branch_rate": 28.73092407077989,
      "branches_covered": 12275,
      "branches_valid": 42724,
      "line_rate": 51.580355851294655,
      "lines_covered": 14263,
      "lines_valid": 27652,
      "name": "coverage-cpp"
    }
  ],
  "total": {
    "branch_rate": 30.41944749514235,
    "branches_covered": 14403,
    "branches_valid": 47348,
    "line_rate": 55.381586778372935,
    "lines_covered": 24194,
    "lines_valid": 43686,
    "name": "total"
  }
}
