{
  "badge": {
    "color": "#fe7d37",
    "label": "coverage",
    "message": "55.4%"
  },
  "reports": [
    {
      "branch_rate": 45.954132410212026,
      "branches_covered": 2124,
      "branches_valid": 4622,
      "line_rate": 62.015310885666274,
      "lines_covered": 9964,
      "lines_valid": 16067,
      "name": "coverage-python"
    },
    {
      "branch_rate": 28.73092407077989,
      "branches_covered": 12275,
      "branches_valid": 42724,
      "line_rate": 51.580355851294655,
      "lines_covered": 14263,
      "lines_valid": 27652,
      "name": "coverage-cpp"
    }
  ],
  "total": {
    "branch_rate": 30.412284036666243,
    "branches_covered": 14399,
    "branches_valid": 47346,
    "line_rate": 55.41526567396326,
    "lines_covered": 24227,
    "lines_valid": 43719,
    "name": "total"
  }
}
