{
  "badge": {
    "color": "#fe7d37",
    "label": "coverage",
    "message": "58.1%"
  },
  "reports": [
    {
      "branch_rate": 46.46799116997792,
      "branches_covered": 1684,
      "branches_valid": 3624,
      "line_rate": 61.380686352753386,
      "lines_covered": 7691,
      "lines_valid": 12530,
      "name": "coverage-python"
    },
    {
      "branch_rate": 31.685375368203168,
      "branches_covered": 11940,
      "branches_valid": 37683,
      "line_rate": 56.31722117597824,
      "lines_covered": 13457,
      "lines_valid": 23895,
      "name": "coverage-cpp"
    }
  ],
  "total": {
    "branch_rate": 32.98230324158133,
    "branches_covered": 13624,
    "branches_valid": 41307,
    "line_rate": 58.05902539464653,
    "lines_covered": 21148,
    "lines_valid": 36425,
    "name": "total"
  }
}
